symbol,base_asset,quote_asset,status,is_spot_trading_allowed,is_margin_trading_allowed,is_futures_trading_allowed,filters
QTUMETH,QTUM,ETH,TRADING,True,False,False,"[{""filterType"": ""PRICE_FILTER"", ""minPrice"": ""0.00000100"", ""maxPrice"": ""1000.00000000"", ""tickSize"": ""0.00000100""}, {""filterType"": ""LOT_SIZE"", ""minQty"": ""0.10000000"", ""maxQty"": ""90000000.00000000"", ""stepSize"": ""0.10000000""}, {""filterType"": ""ICEBERG_PARTS"", ""limit"": 10}, {""filterType"": ""MARKET_LOT_SIZE"", ""minQty"": ""0.00000000"", ""maxQty"": ""20735.91916666"", ""stepSize"": ""0.00000000""}, {""filterType"": ""TRAILING_DELTA"", ""minTrailingAboveDelta"": 10, ""maxTrailingAboveDelta"": 2000, ""minTrailingBelowDelta"": 10, ""maxTrailingBelowDelta"": 2000}, {""filterType"": ""PERCENT_PRICE_BY_SIDE"", ""bidMultiplierUp"": ""5"", ""bidMultiplierDown"": ""0.2"", ""askMultiplierUp"": ""5"", ""askMultiplierDown"": ""0.2"", ""avgPriceMins"": 5}, {""filterType"": ""NOTIONAL"", ""minNotional"": ""0.00100000"", ""applyMinToMarket"": true, ""maxNotional"": ""9000000.00000000"", ""applyMaxToMarket"": false, ""avgPriceMins"": 5}, {""filterType"": ""MAX_NUM_ORDERS"", ""maxNumOrders"": 200}, {""filterType"": ""MAX_NUM_ORDER_LISTS"", ""maxNumOrderLists"": 20}, {""filterType"": ""MAX_NUM_ALGO_ORDERS"", ""maxNumAlgoOrders"": 5}, {""filterType"": ""MAX_NUM_ORDER_AMENDS"", ""maxNumOrderAmends"": 10}]"
BNBETH,BNB,ETH,TRADING,True,True,False,"[{""filterType"": ""PRICE_FILTER"", ""minPrice"": ""0.00010000"", ""maxPrice"": ""1000.00000000"", ""tickSize"": ""0.00010000""}, {""filterType"": ""LOT_SIZE"", ""minQty"": ""0.00100000"", ""maxQty"": ""9000000.00000000"", ""stepSize"": ""0.00100000""}, {""filterType"": ""ICEBERG_PARTS"", ""limit"": 10}, {""filterType"": ""MARKET_LOT_SIZE"", ""minQty"": ""0.00000000"", ""maxQty"": ""989.91595000"", ""stepSize"": ""0.00000000""}, {""filterType"": ""TRAILING_DELTA"", ""minTrailingAboveDelta"": 10, ""maxTrailingAboveDelta"": 2000, ""minTrailingBelowDelta"": 10, ""maxTrailingBelowDelta"": 2000}, {""filterType"": ""PERCENT_PRICE_BY_SIDE"", ""bidMultiplierUp"": ""5"", ""bidMultiplierDown"": ""0.2"", ""askMultiplierUp"": ""5"", ""askMultiplierDown"": ""0.2"", ""avgPriceMins"": 5}, {""filterType"": ""NOTIONAL"", ""minNotional"": ""0.00100000"", ""applyMinToMarket"": true, ""maxNotional"": ""9000000.00000000"", ""applyMaxToMarket"": false, ""avgPriceMins"": 5}, {""filterType"": ""MAX_NUM_ORDERS"", ""maxNumOrders"": 200}, {""filterType"": ""MAX_NUM_ORDER_LISTS"", ""maxNumOrderLists"": 20}, {""filterType"": ""MAX_NUM_ALGO_ORDERS"", ""maxNumAlgoOrders"": 5}, {""filterType"": ""MAX_NUM_ORDER_AMENDS"", ""maxNumOrderAmends"": 10}]"
LRCETH,LRC,ETH,TRADING,True,False,False,"[{""filterType"": ""PRICE_FILTER"", ""minPrice"": ""0.00000001"", ""maxPrice"": ""1000.00000000"", ""tickSize"": ""0.00000001""}, {""filterType"": ""LOT_SIZE"", ""minQty"": ""1.00000000"", ""maxQty"": ""90000000.00000000"", ""stepSize"": ""1.00000000""}, {""filterType"": ""ICEBERG_PARTS"", ""limit"": 10}, {""filterType"": ""MARKET_LOT_SIZE"", ""minQty"": ""0.00000000"", ""maxQty"": ""66006.79166666"", ""stepSize"": ""0.00000000""}, {""filterType"": ""TRAILING_DELTA"", ""minTrailingAboveDelta"": 10, ""maxTrailingAboveDelta"": 2000, ""minTrailingBelowDelta"": 10, ""maxTrailingBelowDelta"": 2000}, {""filterType"": ""PERCENT_PRICE_BY_SIDE"", ""bidMultiplierUp"": ""5"", ""bidMultiplierDown"": ""0.2"", ""askMultiplierUp"": ""5"", ""askMultiplierDown"": ""0.2"", ""avgPriceMins"": 5}, {""filterType"": ""NOTIONAL"", ""minNotional"": ""0.00100000"", ""applyMinToMarket"": true, ""maxNotional"": ""9000000.00000000"", ""applyMaxToMarket"": false, ""avgPriceMins"": 5}, {""filterType"": ""MAX_NUM_ORDERS"", ""maxNumOrders"": 200}, {""filterType"": ""MAX_NUM_ORDER_LISTS"", ""maxNumOrderLists"": 20}, {""filterType"": ""MAX_NUM_ALGO_ORDERS"", ""maxNumAlgoOrders"": 5}, {""filterType"": ""MAX_NUM_ORDER_AMENDS"", ""maxNumOrderAmends"": 10}]"
IOTAETH,IOTA,ETH,TRADING,True,False,False,"[{""filterType"": ""PRICE_FILTER"", ""minPrice"": ""0.00000001"", ""maxPrice"": ""1000.00000000"", ""tickSize"": ""0.00000001""}, {""filterType"": ""LOT_SIZE"", ""minQty"": ""1.00000000"", ""maxQty"": ""90000000.00000000"", ""stepSize"": ""1.00000000""}, {""filterType"": ""ICEBERG_PARTS"", ""limit"": 10}, {""filterType"": ""MARKET_LOT_SIZE"", ""minQty"": ""0.00000000"", ""maxQty"": ""31000.04166666"", ""stepSize"": ""0.00000000""}, {""filterType"": ""TRAILING_DELTA"", ""minTrailingAboveDelta"": 10, ""maxTrailingAboveDelta"": 2000, ""minTrailingBelowDelta"": 10, ""maxTrailingBelowDelta"": 2000}, {""filterType"": ""PERCENT_PRICE_BY_SIDE"", ""bidMultiplierUp"": ""5"", ""bidMultiplierDown"": ""0.2"", ""askMultiplierUp"": ""5"", ""askMultiplierDown"": ""0.2"", ""avgPriceMins"": 5}, {""filterType"": ""NOTIONAL"", ""minNotional"": ""0.00100000"", ""applyMinToMarket"": true, ""maxNotional"": ""9000000.00000000"", ""applyMaxToMarket"": false, ""avgPriceMins"": 5}, {""filterType"": ""MAX_NUM_ORDERS"", ""maxNumOrders"": 200}, {""filterType"": ""MAX_NUM_ORDER_LISTS"", ""maxNumOrderLists"": 20}, {""filterType"": ""MAX_NUM_ALGO_ORDERS"", ""maxNumAlgoOrders"": 5}, {""filterType"": ""MAX_NUM_ORDER_AMENDS"", ""maxNumOrderAmends"": 10}]"
LINKETH,LINK,ETH,TRADING,True,True,False,"[{""filterType"": ""PRICE_FILTER"", ""minPrice"": ""0.00000100"", ""maxPrice"": ""1000.00000000"", ""tickSize"": ""0.00000100""}, {""filterType"": ""LOT_SIZE"", ""minQty"": ""0.01000000"", ""maxQty"": ""92141578.00000000"", ""stepSize"": ""0.01000000""}, {""filterType"": ""ICEBERG_PARTS"", ""limit"": 10}, {""filterType"": ""MARKET_LOT_SIZE"", ""minQty"": ""0.00000000"", ""maxQty"": ""11300.17662500"", ""stepSize"": ""0.00000000""}, {""filterType"": ""TRAILING_DELTA"", ""minTrailingAboveDelta"": 10, ""maxTrailingAboveDelta"": 2000, ""minTrailingBelowDelta"": 10, ""maxTrailingBelowDelta"": 2000}, {""filterType"": ""PERCENT_PRICE_BY_SIDE"", ""bidMultiplierUp"": ""5"", ""bidMultiplierDown"": ""0.2"", ""askMultiplierUp"": ""5"", ""askMultiplierDown"": ""0.2"", ""avgPriceMins"": 5}, {""filterType"": ""NOTIONAL"", ""minNotional"": ""0.00100000"", ""applyMinToMarket"": true, ""maxNotional"": ""9000000.00000000"", ""applyMaxToMarket"": false, ""avgPriceMins"": 5}, {""filterType"": ""MAX_NUM_ORDERS"", ""maxNumOrders"": 200}, {""filterType"": ""MAX_NUM_ORDER_LISTS"", ""maxNumOrderLists"": 20}, {""filterType"": ""MAX_NUM_ALGO_ORDERS"", ""maxNumAlgoOrders"": 5}, {""filterType"": ""MAX_NUM_ORDER_AMENDS"", ""maxNumOrderAmends"": 10}]"
XVGETH,XVG,ETH,TRADING,True,False,False,"[{""filterType"": ""PRICE_FILTER"", ""minPrice"": ""0.00000001"", ""maxPrice"": ""1000.00000000"", ""tickSize"": ""0.00000001""}, {""filterType"": ""LOT_SIZE"", ""minQty"": ""1.00000000"", ""maxQty"": ""90000000.00000000"", ""stepSize"": ""1.00000000""}, {""filterType"": ""ICEBERG_PARTS"", ""limit"": 10}, {""filterType"": ""MARKET_LOT_SIZE"", ""minQty"": ""0.00000000"", ""maxQty"": ""3024584.13750000"", ""stepSize"": ""0.00000000""}, {""filterType"": ""TRAILING_DELTA"", ""minTrailingAboveDelta"": 10, ""maxTrailingAboveDelta"": 2000, ""minTrailingBelowDelta"": 10, ""maxTrailingBelowDelta"": 2000}, {""filterType"": ""PERCENT_PRICE_BY_SIDE"", ""bidMultiplierUp"": ""5"", ""bidMultiplierDown"": ""0.2"", ""askMultiplierUp"": ""5"", ""askMultiplierDown"": ""0.2"", ""avgPriceMins"": 5}, {""filterType"": ""NOTIONAL"", ""minNotional"": ""0.00100000"", ""applyMinToMarket"": true, ""maxNotional"": ""9000000.00000000"", ""applyMaxToMarket"": false, ""avgPriceMins"": 5}, {""filterType"": ""MAX_NUM_ORDERS"", ""maxNumOrders"": 200}, {""filterType"": ""MAX_NUM_ORDER_LISTS"", ""maxNumOrderLists"": 20}, {""filterType"": ""MAX_NUM_ALGO_ORDERS"", ""maxNumAlgoOrders"": 5}, {""filterType"": ""MAX_NUM_ORDER_AMENDS"", ""maxNumOrderAmends"": 10}]"
ETCETH,ETC,ETH,TRADING,True,False,False,"[{""filterType"": ""PRICE_FILTER"", ""minPrice"": ""0.00001000"", ""maxPrice"": ""1000.00000000"", ""tickSize"": ""0.00001000""}, {""filterType"": ""LOT_SIZE"", ""minQty"": ""0.01000000"", ""maxQty"": ""92141578.00000000"", ""stepSize"": ""0.01000000""}, {""filterType"": ""ICEBERG_PARTS"", ""limit"": 10}, {""filterType"": ""MARKET_LOT_SIZE"", ""minQty"": ""0.00000000"", ""maxQty"": ""465.21700000"", ""stepSize"": ""0.00000000""}, {""filterType"": ""TRAILING_DELTA"", ""minTrailingAboveDelta"": 10, ""maxTrailingAboveDelta"": 2000, ""minTrailingBelowDelta"": 10, ""maxTrailingBelowDelta"": 2000}, {""filterType"": ""PERCENT_PRICE_BY_SIDE"", ""bidMultiplierUp"": ""5"", ""bidMultiplierDown"": ""0.2"", ""askMultiplierUp"": ""5"", ""askMultiplierDown"": ""0.2"", ""avgPriceMins"": 5}, {""filterType"": ""NOTIONAL"", ""minNotional"": ""0.00100000"", ""applyMinToMarket"": true, ""maxNotional"": ""9000000.00000000"", ""applyMaxToMarket"": false, ""avgPriceMins"": 5}, {""filterType"": ""MAX_NUM_ORDERS"", ""maxNumOrders"": 200}, {""filterType"": ""MAX_NUM_ORDER_LISTS"", ""maxNumOrderLists"": 20}, {""filterType"": ""MAX_NUM_ALGO_ORDERS"", ""maxNumAlgoOrders"": 5}, {""filterType"": ""MAX_NUM_ORDER_AMENDS"", ""maxNumOrderAmends"": 10}]"
ZECETH,ZEC,ETH,TRADING,True,False,False,"[{""filterType"": ""PRICE_FILTER"", ""minPrice"": ""0.00001000"", ""maxPrice"": ""1000.00000000"", ""tickSize"": ""0.00001000""}, {""filterType"": ""LOT_SIZE"", ""minQty"": ""0.00100000"", ""maxQty"": ""9000000.00000000"", ""stepSize"": ""0.00100000""}, {""filterType"": ""ICEBERG_PARTS"", ""limit"": 10}, {""filterType"": ""MARKET_LOT_SIZE"", ""minQty"": ""0.00000000"", ""maxQty"": ""135.96937500"", ""stepSize"": ""0.00000000""}, {""filterType"": ""TRAILING_DELTA"", ""minTrailingAboveDelta"": 10, ""maxTrailingAboveDelta"": 2000, ""minTrailingBelowDelta"": 10, ""maxTrailingBelowDelta"": 2000}, {""filterType"": ""PERCENT_PRICE_BY_SIDE"", ""bidMultiplierUp"": ""5"", ""bidMultiplierDown"": ""0.2"", ""askMultiplierUp"": ""5"", ""askMultiplierDown"": ""0.2"", ""avgPriceMins"": 5}, {""filterType"": ""NOTIONAL"", ""minNotional"": ""0.00100000"", ""applyMinToMarket"": true, ""maxNotional"": ""9000000.00000000"", ""applyMaxToMarket"": false, ""avgPriceMins"": 5}, {""filterType"": ""MAX_NUM_ORDERS"", ""maxNumOrders"": 200}, {""filterType"": ""MAX_NUM_ORDER_LISTS"", ""maxNumOrderLists"": 20}, {""filterType"": ""MAX_NUM_ALGO_ORDERS"", ""maxNumAlgoOrders"": 5}, {""filterType"": ""MAX_NUM_ORDER_AMENDS"", ""maxNumOrderAmends"": 10}]"
DASHETH,DASH,ETH,TRADING,True,False,False,"[{""filterType"": ""PRICE_FILTER"", ""minPrice"": ""0.00001000"", ""maxPrice"": ""1000.00000000"", ""tickSize"": ""0.00001000""}, {""filterType"": ""LOT_SIZE"", ""minQty"": ""0.00100000"", ""maxQty"": ""9000000.00000000"", ""stepSize"": ""0.00100000""}, {""filterType"": ""ICEBERG_PARTS"", ""limit"": 10}, {""filterType"": ""MARKET_LOT_SIZE"", ""minQty"": ""0.00000000"", ""maxQty"": ""273.37565416"", ""stepSize"": ""0.00000000""}, {""filterType"": ""TRAILING_DELTA"", ""minTrailingAboveDelta"": 10, ""maxTrailingAboveDelta"": 2000, ""minTrailingBelowDelta"": 10, ""maxTrailingBelowDelta"": 2000}, {""filterType"": ""PERCENT_PRICE_BY_SIDE"", ""bidMultiplierUp"": ""5"", ""bidMultiplierDown"": ""0.2"", ""askMultiplierUp"": ""5"", ""askMultiplierDown"": ""0.2"", ""avgPriceMins"": 5}, {""filterType"": ""NOTIONAL"", ""minNotional"": ""0.00100000"", ""applyMinToMarket"": true, ""maxNotional"": ""9000000.00000000"", ""applyMaxToMarket"": false, ""avgPriceMins"": 5}, {""filterType"": ""MAX_NUM_ORDERS"", ""maxNumOrders"": 200}, {""filterType"": ""MAX_NUM_ORDER_LISTS"", ""maxNumOrderLists"": 20}, {""filterType"": ""MAX_NUM_ALGO_ORDERS"", ""maxNumAlgoOrders"": 5}, {""filterType"": ""MAX_NUM_ORDER_AMENDS"", ""maxNumOrderAmends"": 10}]"
TRXETH,TRX,ETH,TRADING,True,True,False,"[{""filterType"": ""PRICE_FILTER"", ""minPrice"": ""0.00000001"", ""maxPrice"": ""1000.00000000"", ""tickSize"": ""0.00000001""}, {""filterType"": ""LOT_SIZE"", ""minQty"": ""1.00000000"", ""maxQty"": ""90000000.00000000"", ""stepSize"": ""1.00000000""}, {""filterType"": ""ICEBERG_PARTS"", ""limit"": 10}, {""filterType"": ""MARKET_LOT_SIZE"", ""minQty"": ""0.00000000"", ""maxQty"": ""379972.03750000"", ""stepSize"": ""0.00000000""}, {""filterType"": ""TRAILING_DELTA"", ""minTrailingAboveDelta"": 10, ""maxTrailingAboveDelta"": 2000, ""minTrailingBelowDelta"": 10, ""maxTrailingBelowDelta"": 2000}, {""filterType"": ""PERCENT_PRICE_BY_SIDE"", ""bidMultiplierUp"": ""5"", ""bidMultiplierDown"": ""0.2"", ""askMultiplierUp"": ""5"", ""askMultiplierDown"": ""0.2"", ""avgPriceMins"": 5}, {""filterType"": ""NOTIONAL"", ""minNotional"": ""0.00100000"", ""applyMinToMarket"": true, ""maxNotional"": ""9000000.00000000"", ""applyMaxToMarket"": false, ""avgPriceMins"": 5}, {""filterType"": ""MAX_NUM_ORDERS"", ""maxNumOrders"": 200}, {""filterType"": ""MAX_NUM_ORDER_LISTS"", ""maxNumOrderLists"": 20}, {""filterType"": ""MAX_NUM_ALGO_ORDERS"", ""maxNumAlgoOrders"": 5}, {""filterType"": ""MAX_NUM_ORDER_AMENDS"", ""maxNumOrderAmends"": 10}]"
POWRETH,POWR,ETH,TRADING,True,False,False,"[{""filterType"": ""PRICE_FILTER"", ""minPrice"": ""0.00000010"", ""maxPrice"": ""1000.00000000"", ""tickSize"": ""0.00000010""}, {""filterType"": ""LOT_SIZE"", ""minQty"": ""1.00000000"", ""maxQty"": ""90000000.00000000"", ""stepSize"": ""1.00000000""}, {""filterType"": ""ICEBERG_PARTS"", ""limit"": 10}, {""filterType"": ""MARKET_LOT_SIZE"", ""minQty"": ""0.00000000"", ""maxQty"": ""66043.65833333"", ""stepSize"": ""0.00000000""}, {""filterType"": ""TRAILING_DELTA"", ""minTrailingAboveDelta"": 10, ""maxTrailingAboveDelta"": 2000, ""minTrailingBelowDelta"": 10, ""maxTrailingBelowDelta"": 2000}, {""filterType"": ""PERCENT_PRICE_BY_SIDE"", ""bidMultiplierUp"": ""5"", ""bidMultiplierDown"": ""0.2"", ""askMultiplierUp"": ""5"", ""askMultiplierDown"": ""0.2"", ""avgPriceMins"": 5}, {""filterType"": ""NOTIONAL"", ""minNotional"": ""0.00100000"", ""applyMinToMarket"": true, ""maxNotional"": ""9000000.00000000"", ""applyMaxToMarket"": false, ""avgPriceMins"": 5}, {""filterType"": ""MAX_NUM_ORDERS"", ""maxNumOrders"": 200}, {""filterType"": ""MAX_NUM_ORDER_LISTS"", ""maxNumOrderLists"": 20}, {""filterType"": ""MAX_NUM_ALGO_ORDERS"", ""maxNumAlgoOrders"": 5}, {""filterType"": ""MAX_NUM_ORDER_AMENDS"", ""maxNumOrderAmends"": 10}]"
XRPETH,XRP,ETH,TRADING,True,True,False,"[{""filterType"": ""PRICE_FILTER"", ""minPrice"": ""0.00000010"", ""maxPrice"": ""1000.00000000"", ""tickSize"": ""0.00000010""}, {""filterType"": ""LOT_SIZE"", ""minQty"": ""0.10000000"", ""maxQty"": ""90000000.00000000"", ""stepSize"": ""0.10000000""}, {""filterType"": ""ICEBERG_PARTS"", ""limit"": 10}, {""filterType"": ""MARKET_LOT_SIZE"", ""minQty"": ""0.00000000"", ""maxQty"": ""66156.89416666"", ""stepSize"": ""0.00000000""}, {""filterType"": ""TRAILING_DELTA"", ""minTrailingAboveDelta"": 10, ""maxTrailingAboveDelta"": 2000, ""minTrailingBelowDelta"": 10, ""maxTrailingBelowDelta"": 2000}, {""filterType"": ""PERCENT_PRICE_BY_SIDE"", ""bidMultiplierUp"": ""5"", ""bidMultiplierDown"": ""0.2"", ""askMultiplierUp"": ""5"", ""askMultiplierDown"": ""0.2"", ""avgPriceMins"": 5}, {""filterType"": ""NOTIONAL"", ""minNotional"": ""0.00100000"", ""applyMinToMarket"": true, ""maxNotional"": ""9000000.00000000"", ""applyMaxToMarket"": false, ""avgPriceMins"": 5}, {""filterType"": ""MAX_NUM_ORDERS"", ""maxNumOrders"": 200}, {""filterType"": ""MAX_NUM_ORDER_LISTS"", ""maxNumOrderLists"": 20}, {""filterType"": ""MAX_NUM_ALGO_ORDERS"", ""maxNumAlgoOrders"": 5}, {""filterType"": ""MAX_NUM_ORDER_AMENDS"", ""maxNumOrderAmends"": 10}]"
MANAETH,MANA,ETH,TRADING,True,False,False,"[{""filterType"": ""PRICE_FILTER"", ""minPrice"": ""0.00000010"", ""maxPrice"": ""1000.00000000"", ""tickSize"": ""0.00000010""}, {""filterType"": ""LOT_SIZE"", ""minQty"": ""1.00000000"", ""maxQty"": ""90000000.00000000"", ""stepSize"": ""1.00000000""}, {""filterType"": ""ICEBERG_PARTS"", ""limit"": 10}, {""filterType"": ""MARKET_LOT_SIZE"", ""minQty"": ""0.00000000"", ""maxQty"": ""40613.93333333"", ""stepSize"": ""0.00000000""}, {""filterType"": ""TRAILING_DELTA"", ""minTrailingAboveDelta"": 10, ""maxTrailingAboveDelta"": 2000, ""minTrailingBelowDelta"": 10, ""maxTrailingBelowDelta"": 2000}, {""filterType"": ""PERCENT_PRICE_BY_SIDE"", ""bidMultiplierUp"": ""5"", ""bidMultiplierDown"": ""0.2"", ""askMultiplierUp"": ""5"", ""askMultiplierDown"": ""0.2"", ""avgPriceMins"": 5}, {""filterType"": ""NOTIONAL"", ""minNotional"": ""0.00100000"", ""applyMinToMarket"": true, ""maxNotional"": ""9000000.00000000"", ""applyMaxToMarket"": false, ""avgPriceMins"": 5}, {""filterType"": ""MAX_NUM_ORDERS"", ""maxNumOrders"": 200}, {""filterType"": ""MAX_NUM_ORDER_LISTS"", ""maxNumOrderLists"": 20}, {""filterType"": ""MAX_NUM_ALGO_ORDERS"", ""maxNumAlgoOrders"": 5}, {""filterType"": ""MAX_NUM_ORDER_AMENDS"", ""maxNumOrderAmends"": 10}]"
ADXETH,ADX,ETH,TRADING,True,False,False,"[{""filterType"": ""PRICE_FILTER"", ""minPrice"": ""0.00000001"", ""maxPrice"": ""1000.00000000"", ""tickSize"": ""0.00000001""}, {""filterType"": ""LOT_SIZE"", ""minQty"": ""1.00000000"", ""maxQty"": ""90000000.00000000"", ""stepSize"": ""1.00000000""}, {""filterType"": ""ICEBERG_PARTS"", ""limit"": 10}, {""filterType"": ""MARKET_LOT_SIZE"", ""minQty"": ""0.00000000"", ""maxQty"": ""36325.16250000"", ""stepSize"": ""0.00000000""}, {""filterType"": ""TRAILING_DELTA"", ""minTrailingAboveDelta"": 10, ""maxTrailingAboveDelta"": 2000, ""minTrailingBelowDelta"": 10, ""maxTrailingBelowDelta"": 2000}, {""filterType"": ""PERCENT_PRICE_BY_SIDE"", ""bidMultiplierUp"": ""5"", ""bidMultiplierDown"": ""0.2"", ""askMultiplierUp"": ""5"", ""askMultiplierDown"": ""0.2"", ""avgPriceMins"": 5}, {""filterType"": ""NOTIONAL"", ""minNotional"": ""0.00100000"", ""applyMinToMarket"": true, ""maxNotional"": ""9000000.00000000"", ""applyMaxToMarket"": false, ""avgPriceMins"": 5}, {""filterType"": ""MAX_NUM_ORDERS"", ""maxNumOrders"": 200}, {""filterType"": ""MAX_NUM_ORDER_LISTS"", ""maxNumOrderLists"": 20}, {""filterType"": ""MAX_NUM_ALGO_ORDERS"", ""maxNumAlgoOrders"": 5}, {""filterType"": ""MAX_NUM_ORDER_AMENDS"", ""maxNumOrderAmends"": 10}]"
ADAETH,ADA,ETH,TRADING,True,True,False,"[{""filterType"": ""PRICE_FILTER"", ""minPrice"": ""0.00000010"", ""maxPrice"": ""1000.00000000"", ""tickSize"": ""0.00000010""}, {""filterType"": ""LOT_SIZE"", ""minQty"": ""0.10000000"", ""maxQty"": ""90000000.00000000"", ""stepSize"": ""0.10000000""}, {""filterType"": ""ICEBERG_PARTS"", ""limit"": 10}, {""filterType"": ""MARKET_LOT_SIZE"", ""minQty"": ""0.00000000"", ""maxQty"": ""153237.76916666"", ""stepSize"": ""0.00000000""}, {""filterType"": ""TRAILING_DELTA"", ""minTrailingAboveDelta"": 10, ""maxTrailingAboveDelta"": 2000, ""minTrailingBelowDelta"": 10, ""maxTrailingBelowDelta"": 2000}, {""filterType"": ""PERCENT_PRICE_BY_SIDE"", ""bidMultiplierUp"": ""5"", ""bidMultiplierDown"": ""0.2"", ""askMultiplierUp"": ""5"", ""askMultiplierDown"": ""0.2"", ""avgPriceMins"": 5}, {""filterType"": ""NOTIONAL"", ""minNotional"": ""0.00100000"", ""applyMinToMarket"": true, ""maxNotional"": ""9000000.00000000"", ""applyMaxToMarket"": false, ""avgPriceMins"": 5}, {""filterType"": ""MAX_NUM_ORDERS"", ""maxNumOrders"": 200}, {""filterType"": ""MAX_NUM_ORDER_LISTS"", ""maxNumOrderLists"": 20}, {""filterType"": ""MAX_NUM_ALGO_ORDERS"", ""maxNumAlgoOrders"": 5}, {""filterType"": ""MAX_NUM_ORDER_AMENDS"", ""maxNumOrderAmends"": 10}]"
XLMETH,XLM,ETH,TRADING,True,False,False,"[{""filterType"": ""PRICE_FILTER"", ""minPrice"": ""0.00000001"", ""maxPrice"": ""1000.00000000"", ""tickSize"": ""0.00000001""}, {""filterType"": ""LOT_SIZE"", ""minQty"": ""1.00000000"", ""maxQty"": ""90000000.00000000"", ""stepSize"": ""1.00000000""}, {""filterType"": ""ICEBERG_PARTS"", ""limit"": 10}, {""filterType"": ""MARKET_LOT_SIZE"", ""minQty"": ""0.00000000"", ""maxQty"": ""32353.65833333"", ""stepSize"": ""0.00000000""}, {""filterType"": ""TRAILING_DELTA"", ""minTrailingAboveDelta"": 10, ""maxTrailingAboveDelta"": 2000, ""minTrailingBelowDelta"": 10, ""maxTrailingBelowDelta"": 2000}, {""filterType"": ""PERCENT_PRICE_BY_SIDE"", ""bidMultiplierUp"": ""5"", ""bidMultiplierDown"": ""0.2"", ""askMultiplierUp"": ""5"", ""askMultiplierDown"": ""0.2"", ""avgPriceMins"": 5}, {""filterType"": ""NOTIONAL"", ""minNotional"": ""0.00100000"", ""applyMinToMarket"": true, ""maxNotional"": ""9000000.00000000"", ""applyMaxToMarket"": false, ""avgPriceMins"": 5}, {""filterType"": ""MAX_NUM_ORDERS"", ""maxNumOrders"": 200}, {""filterType"": ""MAX_NUM_ORDER_LISTS"", ""maxNumOrderLists"": 20}, {""filterType"": ""MAX_NUM_ALGO_ORDERS"", ""maxNumAlgoOrders"": 5}, {""filterType"": ""MAX_NUM_ORDER_AMENDS"", ""maxNumOrderAmends"": 10}]"
LTCETH,LTC,ETH,TRADING,True,True,False,"[{""filterType"": ""PRICE_FILTER"", ""minPrice"": ""0.00001000"", ""maxPrice"": ""1000.00000000"", ""tickSize"": ""0.00001000""}, {""filterType"": ""LOT_SIZE"", ""minQty"": ""0.00100000"", ""maxQty"": ""9000000.00000000"", ""stepSize"": ""0.00100000""}, {""filterType"": ""ICEBERG_PARTS"", ""limit"": 10}, {""filterType"": ""MARKET_LOT_SIZE"", ""minQty"": ""0.00000000"", ""maxQty"": ""353.55722916"", ""stepSize"": ""0.00000000""}, {""filterType"": ""TRAILING_DELTA"", ""minTrailingAboveDelta"": 10, ""maxTrailingAboveDelta"": 2000, ""minTrailingBelowDelta"": 10, ""maxTrailingBelowDelta"": 2000}, {""filterType"": ""PERCENT_PRICE_BY_SIDE"", ""bidMultiplierUp"": ""5"", ""bidMultiplierDown"": ""0.2"", ""askMultiplierUp"": ""5"", ""askMultiplierDown"": ""0.2"", ""avgPriceMins"": 5}, {""filterType"": ""NOTIONAL"", ""minNotional"": ""0.00100000"", ""applyMinToMarket"": true, ""maxNotional"": ""9000000.00000000"", ""applyMaxToMarket"": false, ""avgPriceMins"": 5}, {""filterType"": ""MAX_NUM_ORDERS"", ""maxNumOrders"": 200}, {""filterType"": ""MAX_NUM_ORDER_LISTS"", ""maxNumOrderLists"": 20}, {""filterType"": ""MAX_NUM_ALGO_ORDERS"", ""maxNumAlgoOrders"": 5}, {""filterType"": ""MAX_NUM_ORDER_AMENDS"", ""maxNumOrderAmends"": 10}]"
RLCETH,RLC,ETH,TRADING,True,False,False,"[{""filterType"": ""PRICE_FILTER"", ""minPrice"": ""0.00000010"", ""maxPrice"": ""1000.00000000"", ""tickSize"": ""0.00000010""}, {""filterType"": ""LOT_SIZE"", ""minQty"": ""0.10000000"", ""maxQty"": ""90000000.00000000"", ""stepSize"": ""0.10000000""}, {""filterType"": ""ICEBERG_PARTS"", ""limit"": 10}, {""filterType"": ""MARKET_LOT_SIZE"", ""minQty"": ""0.00000000"", ""maxQty"": ""20720.12458333"", ""stepSize"": ""0.00000000""}, {""filterType"": ""TRAILING_DELTA"", ""minTrailingAboveDelta"": 10, ""maxTrailingAboveDelta"": 2000, ""minTrailingBelowDelta"": 10, ""maxTrailingBelowDelta"": 2000}, {""filterType"": ""PERCENT_PRICE_BY_SIDE"", ""bidMultiplierUp"": ""5"", ""bidMultiplierDown"": ""0.2"", ""askMultiplierUp"": ""5"", ""askMultiplierDown"": ""0.2"", ""avgPriceMins"": 5}, {""filterType"": ""NOTIONAL"", ""minNotional"": ""0.00100000"", ""applyMinToMarket"": true, ""maxNotional"": ""9000000.00000000"", ""applyMaxToMarket"": false, ""avgPriceMins"": 5}, {""filterType"": ""MAX_NUM_ORDERS"", ""maxNumOrders"": 200}, {""filterType"": ""MAX_NUM_ORDER_LISTS"", ""maxNumOrderLists"": 20}, {""filterType"": ""MAX_NUM_ALGO_ORDERS"", ""maxNumAlgoOrders"": 5}, {""filterType"": ""MAX_NUM_ORDER_AMENDS"", ""maxNumOrderAmends"": 10}]"
STEEMETH,STEEM,ETH,TRADING,True,False,False,"[{""filterType"": ""PRICE_FILTER"", ""minPrice"": ""0.00000010"", ""maxPrice"": ""1000.00000000"", ""tickSize"": ""0.00000010""}, {""filterType"": ""LOT_SIZE"", ""minQty"": ""1.00000000"", ""maxQty"": ""9000000.00000000"", ""stepSize"": ""1.00000000""}, {""filterType"": ""ICEBERG_PARTS"", ""limit"": 10}, {""filterType"": ""MARKET_LOT_SIZE"", ""minQty"": ""0.00000000"", ""maxQty"": ""528500.73750000"", ""stepSize"": ""0.00000000""}, {""filterType"": ""TRAILING_DELTA"", ""minTrailingAboveDelta"": 10, ""maxTrailingAboveDelta"": 2000, ""minTrailingBelowDelta"": 10, ""maxTrailingBelowDelta"": 2000}, {""filterType"": ""PERCENT_PRICE_BY_SIDE"", ""bidMultiplierUp"": ""5"", ""bidMultiplierDown"": ""0.2"", ""askMultiplierUp"": ""5"", ""askMultiplierDown"": ""0.2"", ""avgPriceMins"": 5}, {""filterType"": ""NOTIONAL"", ""minNotional"": ""0.00100000"", ""applyMinToMarket"": true, ""maxNotional"": ""9000000.00000000"", ""applyMaxToMarket"": false, ""avgPriceMins"": 5}, {""filterType"": ""MAX_NUM_ORDERS"", ""maxNumOrders"": 200}, {""filterType"": ""MAX_NUM_ORDER_LISTS"", ""maxNumOrderLists"": 20}, {""filterType"": ""MAX_NUM_ALGO_ORDERS"", ""maxNumAlgoOrders"": 5}, {""filterType"": ""MAX_NUM_ORDER_AMENDS"", ""maxNumOrderAmends"": 10}]"
ZILETH,ZIL,ETH,TRADING,True,False,False,"[{""filterType"": ""PRICE_FILTER"", ""minPrice"": ""0.00000001"", ""maxPrice"": ""1000.00000000"", ""tickSize"": ""0.00000001""}, {""filterType"": ""LOT_SIZE"", ""minQty"": ""1.00000000"", ""maxQty"": ""90000000.00000000"", ""stepSize"": ""1.00000000""}, {""filterType"": ""ICEBERG_PARTS"", ""limit"": 10}, {""filterType"": ""MARKET_LOT_SIZE"", ""minQty"": ""0.00000000"", ""maxQty"": ""459812.80000000"", ""stepSize"": ""0.00000000""}, {""filterType"": ""TRAILING_DELTA"", ""minTrailingAboveDelta"": 10, ""maxTrailingAboveDelta"": 2000, ""minTrailingBelowDelta"": 10, ""maxTrailingBelowDelta"": 2000}, {""filterType"": ""PERCENT_PRICE_BY_SIDE"", ""bidMultiplierUp"": ""5"", ""bidMultiplierDown"": ""0.2"", ""askMultiplierUp"": ""5"", ""askMultiplierDown"": ""0.2"", ""avgPriceMins"": 5}, {""filterType"": ""NOTIONAL"", ""minNotional"": ""0.00100000"", ""applyMinToMarket"": true, ""maxNotional"": ""9000000.00000000"", ""applyMaxToMarket"": false, ""avgPriceMins"": 5}, {""filterType"": ""MAX_NUM_ORDERS"", ""maxNumOrders"": 200}, {""filterType"": ""MAX_NUM_ORDER_LISTS"", ""maxNumOrderLists"": 20}, {""filterType"": ""MAX_NUM_ALGO_ORDERS"", ""maxNumAlgoOrders"": 5}, {""filterType"": ""MAX_NUM_ORDER_AMENDS"", ""maxNumOrderAmends"": 10}]"
IOTXETH,IOTX,ETH,TRADING,True,True,False,"[{""filterType"": ""PRICE_FILTER"", ""minPrice"": ""0.00000001"", ""maxPrice"": ""1000.00000000"", ""tickSize"": ""0.00000001""}, {""filterType"": ""LOT_SIZE"", ""minQty"": ""1.00000000"", ""maxQty"": ""90000000.00000000"", ""stepSize"": ""1.00000000""}, {""filterType"": ""ICEBERG_PARTS"", ""limit"": 10}, {""filterType"": ""MARKET_LOT_SIZE"", ""minQty"": ""0.00000000"", ""maxQty"": ""178644.85416666"", ""stepSize"": ""0.00000000""}, {""filterType"": ""TRAILING_DELTA"", ""minTrailingAboveDelta"": 10, ""maxTrailingAboveDelta"": 2000, ""minTrailingBelowDelta"": 10, ""maxTrailingBelowDelta"": 2000}, {""filterType"": ""PERCENT_PRICE_BY_SIDE"", ""bidMultiplierUp"": ""5"", ""bidMultiplierDown"": ""0.2"", ""askMultiplierUp"": ""5"", ""askMultiplierDown"": ""0.2"", ""avgPriceMins"": 5}, {""filterType"": ""NOTIONAL"", ""minNotional"": ""0.00100000"", ""applyMinToMarket"": true, ""maxNotional"": ""9000000.00000000"", ""applyMaxToMarket"": false, ""avgPriceMins"": 5}, {""filterType"": ""MAX_NUM_ORDERS"", ""maxNumOrders"": 200}, {""filterType"": ""MAX_NUM_ORDER_LISTS"", ""maxNumOrderLists"": 20}, {""filterType"": ""MAX_NUM_ALGO_ORDERS"", ""maxNumAlgoOrders"": 5}, {""filterType"": ""MAX_NUM_ORDER_AMENDS"", ""maxNumOrderAmends"": 10}]"
SCETH,SC,ETH,TRADING,True,False,False,"[{""filterType"": ""PRICE_FILTER"", ""minPrice"": ""0.00000001"", ""maxPrice"": ""1000.00000000"", ""tickSize"": ""0.00000001""}, {""filterType"": ""LOT_SIZE"", ""minQty"": ""1.00000000"", ""maxQty"": ""90000000.00000000"", ""stepSize"": ""1.00000000""}, {""filterType"": ""ICEBERG_PARTS"", ""limit"": 10}, {""filterType"": ""MARKET_LOT_SIZE"", ""minQty"": ""0.00000000"", ""maxQty"": ""16228474.29166666"", ""stepSize"": ""0.00000000""}, {""filterType"": ""TRAILING_DELTA"", ""minTrailingAboveDelta"": 10, ""maxTrailingAboveDelta"": 2000, ""minTrailingBelowDelta"": 10, ""maxTrailingBelowDelta"": 2000}, {""filterType"": ""PERCENT_PRICE_BY_SIDE"", ""bidMultiplierUp"": ""5"", ""bidMultiplierDown"": ""0.2"", ""askMultiplierUp"": ""5"", ""askMultiplierDown"": ""0.2"", ""avgPriceMins"": 5}, {""filterType"": ""NOTIONAL"", ""minNotional"": ""0.00100000"", ""applyMinToMarket"": true, ""maxNotional"": ""9000000.00000000"", ""applyMaxToMarket"": false, ""avgPriceMins"": 5}, {""filterType"": ""MAX_NUM_ORDERS"", ""maxNumOrders"": 200}, {""filterType"": ""MAX_NUM_ORDER_LISTS"", ""maxNumOrderLists"": 20}, {""filterType"": ""MAX_NUM_ALGO_ORDERS"", ""maxNumAlgoOrders"": 5}, {""filterType"": ""MAX_NUM_ORDER_AMENDS"", ""maxNumOrderAmends"": 10}]"
DENTETH,DENT,ETH,TRADING,True,False,False,"[{""filterType"": ""PRICE_FILTER"", ""minPrice"": ""0.00000001"", ""maxPrice"": ""1000.00000000"", ""tickSize"": ""0.00000001""}, {""filterType"": ""LOT_SIZE"", ""minQty"": ""1.00000000"", ""maxQty"": ""92141578.00000000"", ""stepSize"": ""1.00000000""}, {""filterType"": ""ICEBERG_PARTS"", ""limit"": 10}, {""filterType"": ""MARKET_LOT_SIZE"", ""minQty"": ""0.00000000"", ""maxQty"": ""79834077.02083333"", ""stepSize"": ""0.00000000""}, {""filterType"": ""TRAILING_DELTA"", ""minTrailingAboveDelta"": 10, ""maxTrailingAboveDelta"": 2000, ""minTrailingBelowDelta"": 10, ""maxTrailingBelowDelta"": 2000}, {""filterType"": ""PERCENT_PRICE_BY_SIDE"", ""bidMultiplierUp"": ""5"", ""bidMultiplierDown"": ""0.2"", ""askMultiplierUp"": ""5"", ""askMultiplierDown"": ""0.2"", ""avgPriceMins"": 5}, {""filterType"": ""NOTIONAL"", ""minNotional"": ""0.00100000"", ""applyMinToMarket"": true, ""maxNotional"": ""9000000.00000000"", ""applyMaxToMarket"": false, ""avgPriceMins"": 5}, {""filterType"": ""MAX_NUM_ORDERS"", ""maxNumOrders"": 200}, {""filterType"": ""MAX_NUM_ORDER_LISTS"", ""maxNumOrderLists"": 20}, {""filterType"": ""MAX_NUM_ALGO_ORDERS"", ""maxNumAlgoOrders"": 5}, {""filterType"": ""MAX_NUM_ORDER_AMENDS"", ""maxNumOrderAmends"": 10}]"
HOTETH,HOT,ETH,TRADING,True,False,False,"[{""filterType"": ""PRICE_FILTER"", ""minPrice"": ""0.00000001"", ""maxPrice"": ""1000.00000000"", ""tickSize"": ""0.00000001""}, {""filterType"": ""LOT_SIZE"", ""minQty"": ""1.00000000"", ""maxQty"": ""90000000.00000000"", ""stepSize"": ""1.00000000""}, {""filterType"": ""ICEBERG_PARTS"", ""limit"": 10}, {""filterType"": ""MARKET_LOT_SIZE"", ""minQty"": ""0.00000000"", ""maxQty"": ""15978212.40000000"", ""stepSize"": ""0.00000000""}, {""filterType"": ""TRAILING_DELTA"", ""minTrailingAboveDelta"": 10, ""maxTrailingAboveDelta"": 2000, ""minTrailingBelowDelta"": 10, ""maxTrailingBelowDelta"": 2000}, {""filterType"": ""PERCENT_PRICE_BY_SIDE"", ""bidMultiplierUp"": ""5"", ""bidMultiplierDown"": ""0.2"", ""askMultiplierUp"": ""5"", ""askMultiplierDown"": ""0.2"", ""avgPriceMins"": 5}, {""filterType"": ""NOTIONAL"", ""minNotional"": ""0.00100000"", ""applyMinToMarket"": true, ""maxNotional"": ""9000000.00000000"", ""applyMaxToMarket"": false, ""avgPriceMins"": 5}, {""filterType"": ""MAX_NUM_ORDERS"", ""maxNumOrders"": 200}, {""filterType"": ""MAX_NUM_ORDER_LISTS"", ""maxNumOrderLists"": 20}, {""filterType"": ""MAX_NUM_ALGO_ORDERS"", ""maxNumAlgoOrders"": 5}, {""filterType"": ""MAX_NUM_ORDER_AMENDS"", ""maxNumOrderAmends"": 10}]"
VETETH,VET,ETH,TRADING,True,False,False,"[{""filterType"": ""PRICE_FILTER"", ""minPrice"": ""0.00000001"", ""maxPrice"": ""1000.00000000"", ""tickSize"": ""0.00000001""}, {""filterType"": ""LOT_SIZE"", ""minQty"": ""1.00000000"", ""maxQty"": ""90000000.00000000"", ""stepSize"": ""1.00000000""}, {""filterType"": ""ICEBERG_PARTS"", ""limit"": 10}, {""filterType"": ""MARKET_LOT_SIZE"", ""minQty"": ""0.00000000"", ""maxQty"": ""620746.37500000"", ""stepSize"": ""0.00000000""}, {""filterType"": ""TRAILING_DELTA"", ""minTrailingAboveDelta"": 10, ""maxTrailingAboveDelta"": 2000, ""minTrailingBelowDelta"": 10, ""maxTrailingBelowDelta"": 2000}, {""filterType"": ""PERCENT_PRICE_BY_SIDE"", ""bidMultiplierUp"": ""5"", ""bidMultiplierDown"": ""0.2"", ""askMultiplierUp"": ""5"", ""askMultiplierDown"": ""0.2"", ""avgPriceMins"": 5}, {""filterType"": ""NOTIONAL"", ""minNotional"": ""0.00100000"", ""applyMinToMarket"": true, ""maxNotional"": ""9000000.00000000"", ""applyMaxToMarket"": false, ""avgPriceMins"": 5}, {""filterType"": ""MAX_NUM_ORDERS"", ""maxNumOrders"": 200}, {""filterType"": ""MAX_NUM_ORDER_LISTS"", ""maxNumOrderLists"": 20}, {""filterType"": ""MAX_NUM_ALGO_ORDERS"", ""maxNumAlgoOrders"": 5}, {""filterType"": ""MAX_NUM_ORDER_AMENDS"", ""maxNumOrderAmends"": 10}]"
WBTCETH,WBTC,ETH,TRADING,True,False,False,"[{""filterType"": ""PRICE_FILTER"", ""minPrice"": ""0.01000000"", ""maxPrice"": ""100000.00000000"", ""tickSize"": ""0.01000000""}, {""filterType"": ""LOT_SIZE"", ""minQty"": ""0.00001000"", ""maxQty"": ""100000.00000000"", ""stepSize"": ""0.00001000""}, {""filterType"": ""ICEBERG_PARTS"", ""limit"": 10}, {""filterType"": ""MARKET_LOT_SIZE"", ""minQty"": ""0.00000000"", ""maxQty"": ""0.13141470"", ""stepSize"": ""0.00000000""}, {""filterType"": ""TRAILING_DELTA"", ""minTrailingAboveDelta"": 10, ""maxTrailingAboveDelta"": 2000, ""minTrailingBelowDelta"": 10, ""maxTrailingBelowDelta"": 2000}, {""filterType"": ""PERCENT_PRICE_BY_SIDE"", ""bidMultiplierUp"": ""5"", ""bidMultiplierDown"": ""0.2"", ""askMultiplierUp"": ""5"", ""askMultiplierDown"": ""0.2"", ""avgPriceMins"": 5}, {""filterType"": ""NOTIONAL"", ""minNotional"": ""0.00100000"", ""applyMinToMarket"": true, ""maxNotional"": ""9000000.00000000"", ""applyMaxToMarket"": false, ""avgPriceMins"": 5}, {""filterType"": ""MAX_NUM_ORDERS"", ""maxNumOrders"": 200}, {""filterType"": ""MAX_NUM_ORDER_LISTS"", ""maxNumOrderLists"": 20}, {""filterType"": ""MAX_NUM_ALGO_ORDERS"", ""maxNumAlgoOrders"": 5}, {""filterType"": ""MAX_NUM_ORDER_AMENDS"", ""maxNumOrderAmends"": 10}]"
AAVEETH,AAVE,ETH,TRADING,True,True,False,"[{""filterType"": ""PRICE_FILTER"", ""minPrice"": ""0.00001000"", ""maxPrice"": ""1000.00000000"", ""tickSize"": ""0.00001000""}, {""filterType"": ""LOT_SIZE"", ""minQty"": ""0.00100000"", ""maxQty"": ""9000000.00000000"", ""stepSize"": ""0.00100000""}, {""filterType"": ""ICEBERG_PARTS"", ""limit"": 10}, {""filterType"": ""MARKET_LOT_SIZE"", ""minQty"": ""0.00000000"", ""maxQty"": ""138.70127916"", ""stepSize"": ""0.00000000""}, {""filterType"": ""TRAILING_DELTA"", ""minTrailingAboveDelta"": 10, ""maxTrailingAboveDelta"": 2000, ""minTrailingBelowDelta"": 10, ""maxTrailingBelowDelta"": 2000}, {""filterType"": ""PERCENT_PRICE_BY_SIDE"", ""bidMultiplierUp"": ""5"", ""bidMultiplierDown"": ""0.2"", ""askMultiplierUp"": ""5"", ""askMultiplierDown"": ""0.2"", ""avgPriceMins"": 5}, {""filterType"": ""NOTIONAL"", ""minNotional"": ""0.00100000"", ""applyMinToMarket"": true, ""maxNotional"": ""9000000.00000000"", ""applyMaxToMarket"": false, ""avgPriceMins"": 5}, {""filterType"": ""MAX_NUM_ORDERS"", ""maxNumOrders"": 200}, {""filterType"": ""MAX_NUM_ORDER_LISTS"", ""maxNumOrderLists"": 20}, {""filterType"": ""MAX_NUM_ALGO_ORDERS"", ""maxNumAlgoOrders"": 5}, {""filterType"": ""MAX_NUM_ORDER_AMENDS"", ""maxNumOrderAmends"": 10}]"
SLPETH,SLP,ETH,TRADING,True,True,False,"[{""filterType"": ""PRICE_FILTER"", ""minPrice"": ""0.00000001"", ""maxPrice"": ""1000.00000000"", ""tickSize"": ""0.00000001""}, {""filterType"": ""LOT_SIZE"", ""minQty"": ""1.00000000"", ""maxQty"": ""90000000.00000000"", ""stepSize"": ""1.00000000""}, {""filterType"": ""ICEBERG_PARTS"", ""limit"": 10}, {""filterType"": ""MARKET_LOT_SIZE"", ""minQty"": ""0.00000000"", ""maxQty"": ""5068658.47083333"", ""stepSize"": ""0.00000000""}, {""filterType"": ""TRAILING_DELTA"", ""minTrailingAboveDelta"": 10, ""maxTrailingAboveDelta"": 2000, ""minTrailingBelowDelta"": 10, ""maxTrailingBelowDelta"": 2000}, {""filterType"": ""PERCENT_PRICE_BY_SIDE"", ""bidMultiplierUp"": ""5"", ""bidMultiplierDown"": ""0.2"", ""askMultiplierUp"": ""5"", ""askMultiplierDown"": ""0.2"", ""avgPriceMins"": 5}, {""filterType"": ""NOTIONAL"", ""minNotional"": ""0.00100000"", ""applyMinToMarket"": true, ""maxNotional"": ""9000000.00000000"", ""applyMaxToMarket"": false, ""avgPriceMins"": 5}, {""filterType"": ""MAX_NUM_ORDERS"", ""maxNumOrders"": 200}, {""filterType"": ""MAX_NUM_ORDER_LISTS"", ""maxNumOrderLists"": 20}, {""filterType"": ""MAX_NUM_ALGO_ORDERS"", ""maxNumAlgoOrders"": 5}, {""filterType"": ""MAX_NUM_ORDER_AMENDS"", ""maxNumOrderAmends"": 10}]"
GRTETH,GRT,ETH,TRADING,True,True,False,"[{""filterType"": ""PRICE_FILTER"", ""minPrice"": ""0.00000001"", ""maxPrice"": ""1000.00000000"", ""tickSize"": ""0.00000001""}, {""filterType"": ""LOT_SIZE"", ""minQty"": ""1.00000000"", ""maxQty"": ""90000000.00000000"", ""stepSize"": ""1.00000000""}, {""filterType"": ""ICEBERG_PARTS"", ""limit"": 10}, {""filterType"": ""MARKET_LOT_SIZE"", ""minQty"": ""0.00000000"", ""maxQty"": ""57605.28333333"", ""stepSize"": ""0.00000000""}, {""filterType"": ""TRAILING_DELTA"", ""minTrailingAboveDelta"": 10, ""maxTrailingAboveDelta"": 2000, ""minTrailingBelowDelta"": 10, ""maxTrailingBelowDelta"": 2000}, {""filterType"": ""PERCENT_PRICE_BY_SIDE"", ""bidMultiplierUp"": ""5"", ""bidMultiplierDown"": ""0.2"", ""askMultiplierUp"": ""5"", ""askMultiplierDown"": ""0.2"", ""avgPriceMins"": 5}, {""filterType"": ""NOTIONAL"", ""minNotional"": ""0.00100000"", ""applyMinToMarket"": true, ""maxNotional"": ""9000000.00000000"", ""applyMaxToMarket"": false, ""avgPriceMins"": 5}, {""filterType"": ""MAX_NUM_ORDERS"", ""maxNumOrders"": 200}, {""filterType"": ""MAX_NUM_ORDER_LISTS"", ""maxNumOrderLists"": 20}, {""filterType"": ""MAX_NUM_ALGO_ORDERS"", ""maxNumAlgoOrders"": 5}, {""filterType"": ""MAX_NUM_ORDER_AMENDS"", ""maxNumOrderAmends"": 10}]"
AXSETH,AXS,ETH,TRADING,True,False,False,"[{""filterType"": ""PRICE_FILTER"", ""minPrice"": ""0.00000100"", ""maxPrice"": ""1000.00000000"", ""tickSize"": ""0.00000100""}, {""filterType"": ""LOT_SIZE"", ""minQty"": ""0.00100000"", ""maxQty"": ""92141578.00000000"", ""stepSize"": ""0.00100000""}, {""filterType"": ""ICEBERG_PARTS"", ""limit"": 10}, {""filterType"": ""MARKET_LOT_SIZE"", ""minQty"": ""0.00000000"", ""maxQty"": ""6441.78658750"", ""stepSize"": ""0.00000000""}, {""filterType"": ""TRAILING_DELTA"", ""minTrailingAboveDelta"": 10, ""maxTrailingAboveDelta"": 2000, ""minTrailingBelowDelta"": 10, ""maxTrailingBelowDelta"": 2000}, {""filterType"": ""PERCENT_PRICE_BY_SIDE"", ""bidMultiplierUp"": ""5"", ""bidMultiplierDown"": ""0.2"", ""askMultiplierUp"": ""5"", ""askMultiplierDown"": ""0.2"", ""avgPriceMins"": 5}, {""filterType"": ""NOTIONAL"", ""minNotional"": ""0.00100000"", ""applyMinToMarket"": true, ""maxNotional"": ""9000000.00000000"", ""applyMaxToMarket"": false, ""avgPriceMins"": 5}, {""filterType"": ""MAX_NUM_ORDERS"", ""maxNumOrders"": 200}, {""filterType"": ""MAX_NUM_ORDER_LISTS"", ""maxNumOrderLists"": 20}, {""filterType"": ""MAX_NUM_ALGO_ORDERS"", ""maxNumAlgoOrders"": 5}, {""filterType"": ""MAX_NUM_ORDER_AMENDS"", ""maxNumOrderAmends"": 10}]"
SOLETH,SOL,ETH,TRADING,True,True,False,"[{""filterType"": ""PRICE_FILTER"", ""minPrice"": ""0.00001000"", ""maxPrice"": ""1000.00000000"", ""tickSize"": ""0.00001000""}, {""filterType"": ""LOT_SIZE"", ""minQty"": ""0.00100000"", ""maxQty"": ""92141578.00000000"", ""stepSize"": ""0.00100000""}, {""filterType"": ""ICEBERG_PARTS"", ""limit"": 10}, {""filterType"": ""MARKET_LOT_SIZE"", ""minQty"": ""0.00000000"", ""maxQty"": ""4278.96871666"", ""stepSize"": ""0.00000000""}, {""filterType"": ""TRAILING_DELTA"", ""minTrailingAboveDelta"": 10, ""maxTrailingAboveDelta"": 2000, ""minTrailingBelowDelta"": 10, ""maxTrailingBelowDelta"": 2000}, {""filterType"": ""PERCENT_PRICE_BY_SIDE"", ""bidMultiplierUp"": ""5"", ""bidMultiplierDown"": ""0.2"", ""askMultiplierUp"": ""5"", ""askMultiplierDown"": ""0.2"", ""avgPriceMins"": 5}, {""filterType"": ""NOTIONAL"", ""minNotional"": ""0.00100000"", ""applyMinToMarket"": true, ""maxNotional"": ""9000000.00000000"", ""applyMaxToMarket"": false, ""avgPriceMins"": 5}, {""filterType"": ""MAX_NUM_ORDERS"", ""maxNumOrders"": 200}, {""filterType"": ""MAX_NUM_ORDER_LISTS"", ""maxNumOrderLists"": 20}, {""filterType"": ""MAX_NUM_ALGO_ORDERS"", ""maxNumAlgoOrders"": 5}, {""filterType"": ""MAX_NUM_ORDER_AMENDS"", ""maxNumOrderAmends"": 10}]"
SSVETH,SSV,ETH,TRADING,True,False,False,"[{""filterType"": ""PRICE_FILTER"", ""minPrice"": ""0.00000100"", ""maxPrice"": ""1000.00000000"", ""tickSize"": ""0.00000100""}, {""filterType"": ""LOT_SIZE"", ""minQty"": ""0.01000000"", ""maxQty"": ""92141578.00000000"", ""stepSize"": ""0.01000000""}, {""filterType"": ""ICEBERG_PARTS"", ""limit"": 10}, {""filterType"": ""MARKET_LOT_SIZE"", ""minQty"": ""0.00000000"", ""maxQty"": ""1357.90179166"", ""stepSize"": ""0.00000000""}, {""filterType"": ""TRAILING_DELTA"", ""minTrailingAboveDelta"": 10, ""maxTrailingAboveDelta"": 2000, ""minTrailingBelowDelta"": 10, ""maxTrailingBelowDelta"": 2000}, {""filterType"": ""PERCENT_PRICE_BY_SIDE"", ""bidMultiplierUp"": ""5"", ""bidMultiplierDown"": ""0.2"", ""askMultiplierUp"": ""5"", ""askMultiplierDown"": ""0.2"", ""avgPriceMins"": 5}, {""filterType"": ""NOTIONAL"", ""minNotional"": ""0.00100000"", ""applyMinToMarket"": true, ""maxNotional"": ""9000000.00000000"", ""applyMaxToMarket"": false, ""avgPriceMins"": 5}, {""filterType"": ""MAX_NUM_ORDERS"", ""maxNumOrders"": 200}, {""filterType"": ""MAX_NUM_ORDER_LISTS"", ""maxNumOrderLists"": 20}, {""filterType"": ""MAX_NUM_ALGO_ORDERS"", ""maxNumAlgoOrders"": 5}, {""filterType"": ""MAX_NUM_ORDER_AMENDS"", ""maxNumOrderAmends"": 10}]"
DOTETH,DOT,ETH,TRADING,True,False,False,"[{""filterType"": ""PRICE_FILTER"", ""minPrice"": ""0.00000100"", ""maxPrice"": ""1000.00000000"", ""tickSize"": ""0.00000100""}, {""filterType"": ""LOT_SIZE"", ""minQty"": ""0.01000000"", ""maxQty"": ""92141578.00000000"", ""stepSize"": ""0.01000000""}, {""filterType"": ""ICEBERG_PARTS"", ""limit"": 10}, {""filterType"": ""MARKET_LOT_SIZE"", ""minQty"": ""0.00000000"", ""maxQty"": ""4106.51250000"", ""stepSize"": ""0.00000000""}, {""filterType"": ""TRAILING_DELTA"", ""minTrailingAboveDelta"": 10, ""maxTrailingAboveDelta"": 2000, ""minTrailingBelowDelta"": 10, ""maxTrailingBelowDelta"": 2000}, {""filterType"": ""PERCENT_PRICE_BY_SIDE"", ""bidMultiplierUp"": ""5"", ""bidMultiplierDown"": ""0.2"", ""askMultiplierUp"": ""5"", ""askMultiplierDown"": ""0.2"", ""avgPriceMins"": 5}, {""filterType"": ""NOTIONAL"", ""minNotional"": ""0.00100000"", ""applyMinToMarket"": true, ""maxNotional"": ""9000000.00000000"", ""applyMaxToMarket"": false, ""avgPriceMins"": 5}, {""filterType"": ""MAX_NUM_ORDERS"", ""maxNumOrders"": 200}, {""filterType"": ""MAX_NUM_ORDER_LISTS"", ""maxNumOrderLists"": 20}, {""filterType"": ""MAX_NUM_ALGO_ORDERS"", ""maxNumAlgoOrders"": 5}, {""filterType"": ""MAX_NUM_ORDER_AMENDS"", ""maxNumOrderAmends"": 10}]"
AVAXETH,AVAX,ETH,TRADING,True,False,False,"[{""filterType"": ""PRICE_FILTER"", ""minPrice"": ""0.00001000"", ""maxPrice"": ""1000.00000000"", ""tickSize"": ""0.00001000""}, {""filterType"": ""LOT_SIZE"", ""minQty"": ""0.01000000"", ""maxQty"": ""92141578.00000000"", ""stepSize"": ""0.01000000""}, {""filterType"": ""ICEBERG_PARTS"", ""limit"": 10}, {""filterType"": ""MARKET_LOT_SIZE"", ""minQty"": ""0.00000000"", ""maxQty"": ""1016.05366666"", ""stepSize"": ""0.00000000""}, {""filterType"": ""TRAILING_DELTA"", ""minTrailingAboveDelta"": 10, ""maxTrailingAboveDelta"": 2000, ""minTrailingBelowDelta"": 10, ""maxTrailingBelowDelta"": 2000}, {""filterType"": ""PERCENT_PRICE_BY_SIDE"", ""bidMultiplierUp"": ""5"", ""bidMultiplierDown"": ""0.2"", ""askMultiplierUp"": ""5"", ""askMultiplierDown"": ""0.2"", ""avgPriceMins"": 5}, {""filterType"": ""NOTIONAL"", ""minNotional"": ""0.00100000"", ""applyMinToMarket"": true, ""maxNotional"": ""9000000.00000000"", ""applyMaxToMarket"": false, ""avgPriceMins"": 5}, {""filterType"": ""MAX_NUM_ORDERS"", ""maxNumOrders"": 200}, {""filterType"": ""MAX_NUM_ORDER_LISTS"", ""maxNumOrderLists"": 20}, {""filterType"": ""MAX_NUM_ALGO_ORDERS"", ""maxNumAlgoOrders"": 5}, {""filterType"": ""MAX_NUM_ORDER_AMENDS"", ""maxNumOrderAmends"": 10}]"
GALAETH,GALA,ETH,TRADING,True,False,False,"[{""filterType"": ""PRICE_FILTER"", ""minPrice"": ""0.00000001"", ""maxPrice"": ""1000.00000000"", ""tickSize"": ""0.00000001""}, {""filterType"": ""LOT_SIZE"", ""minQty"": ""1.00000000"", ""maxQty"": ""92141578.00000000"", ""stepSize"": ""1.00000000""}, {""filterType"": ""ICEBERG_PARTS"", ""limit"": 10}, {""filterType"": ""MARKET_LOT_SIZE"", ""minQty"": ""0.00000000"", ""maxQty"": ""1734571.48333333"", ""stepSize"": ""0.00000000""}, {""filterType"": ""TRAILING_DELTA"", ""minTrailingAboveDelta"": 10, ""maxTrailingAboveDelta"": 2000, ""minTrailingBelowDelta"": 10, ""maxTrailingBelowDelta"": 2000}, {""filterType"": ""PERCENT_PRICE_BY_SIDE"", ""bidMultiplierUp"": ""5"", ""bidMultiplierDown"": ""0.2"", ""askMultiplierUp"": ""5"", ""askMultiplierDown"": ""0.2"", ""avgPriceMins"": 5}, {""filterType"": ""NOTIONAL"", ""minNotional"": ""0.00100000"", ""applyMinToMarket"": true, ""maxNotional"": ""9000000.00000000"", ""applyMaxToMarket"": false, ""avgPriceMins"": 5}, {""filterType"": ""MAX_NUM_ORDERS"", ""maxNumOrders"": 200}, {""filterType"": ""MAX_NUM_ORDER_LISTS"", ""maxNumOrderLists"": 20}, {""filterType"": ""MAX_NUM_ALGO_ORDERS"", ""maxNumAlgoOrders"": 5}, {""filterType"": ""MAX_NUM_ORDER_AMENDS"", ""maxNumOrderAmends"": 10}]"
ATOMETH,ATOM,ETH,TRADING,True,False,False,"[{""filterType"": ""PRICE_FILTER"", ""minPrice"": ""0.00000100"", ""maxPrice"": ""1000.00000000"", ""tickSize"": ""0.00000100""}, {""filterType"": ""LOT_SIZE"", ""minQty"": ""0.00100000"", ""maxQty"": ""92141578.00000000"", ""stepSize"": ""0.00100000""}, {""filterType"": ""ICEBERG_PARTS"", ""limit"": 10}, {""filterType"": ""MARKET_LOT_SIZE"", ""minQty"": ""0.00000000"", ""maxQty"": ""2333.08211666"", ""stepSize"": ""0.00000000""}, {""filterType"": ""TRAILING_DELTA"", ""minTrailingAboveDelta"": 10, ""maxTrailingAboveDelta"": 2000, ""minTrailingBelowDelta"": 10, ""maxTrailingBelowDelta"": 2000}, {""filterType"": ""PERCENT_PRICE_BY_SIDE"", ""bidMultiplierUp"": ""5"", ""bidMultiplierDown"": ""0.2"", ""askMultiplierUp"": ""5"", ""askMultiplierDown"": ""0.2"", ""avgPriceMins"": 5}, {""filterType"": ""NOTIONAL"", ""minNotional"": ""0.00100000"", ""applyMinToMarket"": true, ""maxNotional"": ""9000000.00000000"", ""applyMaxToMarket"": false, ""avgPriceMins"": 5}, {""filterType"": ""MAX_NUM_ORDERS"", ""maxNumOrders"": 200}, {""filterType"": ""MAX_NUM_ORDER_LISTS"", ""maxNumOrderLists"": 20}, {""filterType"": ""MAX_NUM_ALGO_ORDERS"", ""maxNumAlgoOrders"": 5}, {""filterType"": ""MAX_NUM_ORDER_AMENDS"", ""maxNumOrderAmends"": 10}]"
EGLDETH,EGLD,ETH,TRADING,True,False,False,"[{""filterType"": ""PRICE_FILTER"", ""minPrice"": ""0.00001000"", ""maxPrice"": ""1000.00000000"", ""tickSize"": ""0.00001000""}, {""filterType"": ""LOT_SIZE"", ""minQty"": ""0.00010000"", ""maxQty"": ""92141578.00000000"", ""stepSize"": ""0.00010000""}, {""filterType"": ""ICEBERG_PARTS"", ""limit"": 10}, {""filterType"": ""MARKET_LOT_SIZE"", ""minQty"": ""0.00000000"", ""maxQty"": ""511.71426166"", ""stepSize"": ""0.00000000""}, {""filterType"": ""TRAILING_DELTA"", ""minTrailingAboveDelta"": 10, ""maxTrailingAboveDelta"": 2000, ""minTrailingBelowDelta"": 10, ""maxTrailingBelowDelta"": 2000}, {""filterType"": ""PERCENT_PRICE_BY_SIDE"", ""bidMultiplierUp"": ""5"", ""bidMultiplierDown"": ""0.2"", ""askMultiplierUp"": ""5"", ""askMultiplierDown"": ""0.2"", ""avgPriceMins"": 5}, {""filterType"": ""NOTIONAL"", ""minNotional"": ""0.00100000"", ""applyMinToMarket"": true, ""maxNotional"": ""9000000.00000000"", ""applyMaxToMarket"": false, ""avgPriceMins"": 5}, {""filterType"": ""MAX_NUM_ORDERS"", ""maxNumOrders"": 200}, {""filterType"": ""MAX_NUM_ORDER_LISTS"", ""maxNumOrderLists"": 20}, {""filterType"": ""MAX_NUM_ALGO_ORDERS"", ""maxNumAlgoOrders"": 5}, {""filterType"": ""MAX_NUM_ORDER_AMENDS"", ""maxNumOrderAmends"": 10}]"
ICPETH,ICP,ETH,TRADING,True,False,False,"[{""filterType"": ""PRICE_FILTER"", ""minPrice"": ""0.00000100"", ""maxPrice"": ""1000.00000000"", ""tickSize"": ""0.00000100""}, {""filterType"": ""LOT_SIZE"", ""minQty"": ""0.00100000"", ""maxQty"": ""92141578.00000000"", ""stepSize"": ""0.00100000""}, {""filterType"": ""ICEBERG_PARTS"", ""limit"": 10}, {""filterType"": ""MARKET_LOT_SIZE"", ""minQty"": ""0.00000000"", ""maxQty"": ""1233.49658333"", ""stepSize"": ""0.00000000""}, {""filterType"": ""TRAILING_DELTA"", ""minTrailingAboveDelta"": 10, ""maxTrailingAboveDelta"": 2000, ""minTrailingBelowDelta"": 10, ""maxTrailingBelowDelta"": 2000}, {""filterType"": ""PERCENT_PRICE_BY_SIDE"", ""bidMultiplierUp"": ""5"", ""bidMultiplierDown"": ""0.2"", ""askMultiplierUp"": ""5"", ""askMultiplierDown"": ""0.2"", ""avgPriceMins"": 5}, {""filterType"": ""NOTIONAL"", ""minNotional"": ""0.00100000"", ""applyMinToMarket"": true, ""maxNotional"": ""9000000.00000000"", ""applyMaxToMarket"": false, ""avgPriceMins"": 5}, {""filterType"": ""MAX_NUM_ORDERS"", ""maxNumOrders"": 200}, {""filterType"": ""MAX_NUM_ORDER_LISTS"", ""maxNumOrderLists"": 20}, {""filterType"": ""MAX_NUM_ALGO_ORDERS"", ""maxNumAlgoOrders"": 5}, {""filterType"": ""MAX_NUM_ORDER_AMENDS"", ""maxNumOrderAmends"": 10}]"
NEARETH,NEAR,ETH,TRADING,True,False,False,"[{""filterType"": ""PRICE_FILTER"", ""minPrice"": ""0.00000100"", ""maxPrice"": ""1000.00000000"", ""tickSize"": ""0.00000100""}, {""filterType"": ""LOT_SIZE"", ""minQty"": ""0.00100000"", ""maxQty"": ""92141578.00000000"", ""stepSize"": ""0.00100000""}, {""filterType"": ""ICEBERG_PARTS"", ""limit"": 10}, {""filterType"": ""MARKET_LOT_SIZE"", ""minQty"": ""0.00000000"", ""maxQty"": ""7743.53233750"", ""stepSize"": ""0.00000000""}, {""filterType"": ""TRAILING_DELTA"", ""minTrailingAboveDelta"": 10, ""maxTrailingAboveDelta"": 2000, ""minTrailingBelowDelta"": 10, ""maxTrailingBelowDelta"": 2000}, {""filterType"": ""PERCENT_PRICE_BY_SIDE"", ""bidMultiplierUp"": ""5"", ""bidMultiplierDown"": ""0.2"", ""askMultiplierUp"": ""5"", ""askMultiplierDown"": ""0.2"", ""avgPriceMins"": 5}, {""filterType"": ""NOTIONAL"", ""minNotional"": ""0.00100000"", ""applyMinToMarket"": true, ""maxNotional"": ""9000000.00000000"", ""applyMaxToMarket"": false, ""avgPriceMins"": 5}, {""filterType"": ""MAX_NUM_ORDERS"", ""maxNumOrders"": 200}, {""filterType"": ""MAX_NUM_ORDER_LISTS"", ""maxNumOrderLists"": 20}, {""filterType"": ""MAX_NUM_ALGO_ORDERS"", ""maxNumAlgoOrders"": 5}, {""filterType"": ""MAX_NUM_ORDER_AMENDS"", ""maxNumOrderAmends"": 10}]"
UNIETH,UNI,ETH,TRADING,True,True,False,"[{""filterType"": ""PRICE_FILTER"", ""minPrice"": ""0.00000100"", ""maxPrice"": ""1000.00000000"", ""tickSize"": ""0.00000100""}, {""filterType"": ""LOT_SIZE"", ""minQty"": ""0.00100000"", ""maxQty"": ""92141578.00000000"", ""stepSize"": ""0.00100000""}, {""filterType"": ""ICEBERG_PARTS"", ""limit"": 10}, {""filterType"": ""MARKET_LOT_SIZE"", ""minQty"": ""0.00000000"", ""maxQty"": ""1474.19645833"", ""stepSize"": ""0.00000000""}, {""filterType"": ""TRAILING_DELTA"", ""minTrailingAboveDelta"": 10, ""maxTrailingAboveDelta"": 2000, ""minTrailingBelowDelta"": 10, ""maxTrailingBelowDelta"": 2000}, {""filterType"": ""PERCENT_PRICE_BY_SIDE"", ""bidMultiplierUp"": ""5"", ""bidMultiplierDown"": ""0.2"", ""askMultiplierUp"": ""5"", ""askMultiplierDown"": ""0.2"", ""avgPriceMins"": 5}, {""filterType"": ""NOTIONAL"", ""minNotional"": ""0.00100000"", ""applyMinToMarket"": true, ""maxNotional"": ""9000000.00000000"", ""applyMaxToMarket"": false, ""avgPriceMins"": 5}, {""filterType"": ""MAX_NUM_ORDERS"", ""maxNumOrders"": 200}, {""filterType"": ""MAX_NUM_ORDER_LISTS"", ""maxNumOrderLists"": 20}, {""filterType"": ""MAX_NUM_ALGO_ORDERS"", ""maxNumAlgoOrders"": 5}, {""filterType"": ""MAX_NUM_ORDER_AMENDS"", ""maxNumOrderAmends"": 10}]"
RUNEETH,RUNE,ETH,TRADING,True,False,False,"[{""filterType"": ""PRICE_FILTER"", ""minPrice"": ""0.00000010"", ""maxPrice"": ""1000.00000000"", ""tickSize"": ""0.00000010""}, {""filterType"": ""LOT_SIZE"", ""minQty"": ""0.00100000"", ""maxQty"": ""92141578.00000000"", ""stepSize"": ""0.00100000""}, {""filterType"": ""ICEBERG_PARTS"", ""limit"": 10}, {""filterType"": ""MARKET_LOT_SIZE"", ""minQty"": ""0.00000000"", ""maxQty"": ""4852.29229166"", ""stepSize"": ""0.00000000""}, {""filterType"": ""TRAILING_DELTA"", ""minTrailingAboveDelta"": 10, ""maxTrailingAboveDelta"": 2000, ""minTrailingBelowDelta"": 10, ""maxTrailingBelowDelta"": 2000}, {""filterType"": ""PERCENT_PRICE_BY_SIDE"", ""bidMultiplierUp"": ""5"", ""bidMultiplierDown"": ""0.2"", ""askMultiplierUp"": ""5"", ""askMultiplierDown"": ""0.2"", ""avgPriceMins"": 5}, {""filterType"": ""NOTIONAL"", ""minNotional"": ""0.00100000"", ""applyMinToMarket"": true, ""maxNotional"": ""9000000.00000000"", ""applyMaxToMarket"": false, ""avgPriceMins"": 5}, {""filterType"": ""MAX_NUM_ORDERS"", ""maxNumOrders"": 200}, {""filterType"": ""MAX_NUM_ORDER_LISTS"", ""maxNumOrderLists"": 20}, {""filterType"": ""MAX_NUM_ALGO_ORDERS"", ""maxNumAlgoOrders"": 5}, {""filterType"": ""MAX_NUM_ORDER_AMENDS"", ""maxNumOrderAmends"": 10}]"
OPETH,OP,ETH,TRADING,True,False,False,"[{""filterType"": ""PRICE_FILTER"", ""minPrice"": ""0.00000010"", ""maxPrice"": ""100.00000000"", ""tickSize"": ""0.00000010""}, {""filterType"": ""LOT_SIZE"", ""minQty"": ""0.01000000"", ""maxQty"": ""913205152.00000000"", ""stepSize"": ""0.01000000""}, {""filterType"": ""ICEBERG_PARTS"", ""limit"": 10}, {""filterType"": ""MARKET_LOT_SIZE"", ""minQty"": ""0.00000000"", ""maxQty"": ""14353.07479166"", ""stepSize"": ""0.00000000""}, {""filterType"": ""TRAILING_DELTA"", ""minTrailingAboveDelta"": 10, ""maxTrailingAboveDelta"": 2000, ""minTrailingBelowDelta"": 10, ""maxTrailingBelowDelta"": 2000}, {""filterType"": ""PERCENT_PRICE_BY_SIDE"", ""bidMultiplierUp"": ""5"", ""bidMultiplierDown"": ""0.2"", ""askMultiplierUp"": ""5"", ""askMultiplierDown"": ""0.2"", ""avgPriceMins"": 5}, {""filterType"": ""NOTIONAL"", ""minNotional"": ""0.00100000"", ""applyMinToMarket"": true, ""maxNotional"": ""9000000.00000000"", ""applyMaxToMarket"": false, ""avgPriceMins"": 5}, {""filterType"": ""MAX_NUM_ORDERS"", ""maxNumOrders"": 200}, {""filterType"": ""MAX_NUM_ORDER_LISTS"", ""maxNumOrderLists"": 20}, {""filterType"": ""MAX_NUM_ALGO_ORDERS"", ""maxNumAlgoOrders"": 5}, {""filterType"": ""MAX_NUM_ORDER_AMENDS"", ""maxNumOrderAmends"": 10}]"
FILETH,FIL,ETH,TRADING,True,False,False,"[{""filterType"": ""PRICE_FILTER"", ""minPrice"": ""0.00000100"", ""maxPrice"": ""100.00000000"", ""tickSize"": ""0.00000100""}, {""filterType"": ""LOT_SIZE"", ""minQty"": ""0.01000000"", ""maxQty"": ""913205152.00000000"", ""stepSize"": ""0.01000000""}, {""filterType"": ""ICEBERG_PARTS"", ""limit"": 10}, {""filterType"": ""MARKET_LOT_SIZE"", ""minQty"": ""0.00000000"", ""maxQty"": ""4400.16400000"", ""stepSize"": ""0.00000000""}, {""filterType"": ""TRAILING_DELTA"", ""minTrailingAboveDelta"": 10, ""maxTrailingAboveDelta"": 2000, ""minTrailingBelowDelta"": 10, ""maxTrailingBelowDelta"": 2000}, {""filterType"": ""PERCENT_PRICE_BY_SIDE"", ""bidMultiplierUp"": ""5"", ""bidMultiplierDown"": ""0.2"", ""askMultiplierUp"": ""5"", ""askMultiplierDown"": ""0.2"", ""avgPriceMins"": 5}, {""filterType"": ""NOTIONAL"", ""minNotional"": ""0.00100000"", ""applyMinToMarket"": true, ""maxNotional"": ""9000000.00000000"", ""applyMaxToMarket"": false, ""avgPriceMins"": 5}, {""filterType"": ""MAX_NUM_ORDERS"", ""maxNumOrders"": 200}, {""filterType"": ""MAX_NUM_ORDER_LISTS"", ""maxNumOrderLists"": 20}, {""filterType"": ""MAX_NUM_ALGO_ORDERS"", ""maxNumAlgoOrders"": 5}, {""filterType"": ""MAX_NUM_ORDER_AMENDS"", ""maxNumOrderAmends"": 10}]"
APTETH,APT,ETH,TRADING,True,False,False,"[{""filterType"": ""PRICE_FILTER"", ""minPrice"": ""0.00000100"", ""maxPrice"": ""1000.00000000"", ""tickSize"": ""0.00000100""}, {""filterType"": ""LOT_SIZE"", ""minQty"": ""0.01000000"", ""maxQty"": ""92141578.00000000"", ""stepSize"": ""0.01000000""}, {""filterType"": ""ICEBERG_PARTS"", ""limit"": 10}, {""filterType"": ""MARKET_LOT_SIZE"", ""minQty"": ""0.00000000"", ""maxQty"": ""1945.59454166"", ""stepSize"": ""0.00000000""}, {""filterType"": ""TRAILING_DELTA"", ""minTrailingAboveDelta"": 10, ""maxTrailingAboveDelta"": 2000, ""minTrailingBelowDelta"": 10, ""maxTrailingBelowDelta"": 2000}, {""filterType"": ""PERCENT_PRICE_BY_SIDE"", ""bidMultiplierUp"": ""5"", ""bidMultiplierDown"": ""0.2"", ""askMultiplierUp"": ""5"", ""askMultiplierDown"": ""0.2"", ""avgPriceMins"": 5}, {""filterType"": ""NOTIONAL"", ""minNotional"": ""0.00100000"", ""applyMinToMarket"": true, ""maxNotional"": ""9000000.00000000"", ""applyMaxToMarket"": false, ""avgPriceMins"": 5}, {""filterType"": ""MAX_NUM_ORDERS"", ""maxNumOrders"": 200}, {""filterType"": ""MAX_NUM_ORDER_LISTS"", ""maxNumOrderLists"": 20}, {""filterType"": ""MAX_NUM_ALGO_ORDERS"", ""maxNumAlgoOrders"": 5}, {""filterType"": ""MAX_NUM_ORDER_AMENDS"", ""maxNumOrderAmends"": 10}]"
WBETHETH,WBETH,ETH,TRADING,True,True,False,"[{""filterType"": ""PRICE_FILTER"", ""minPrice"": ""0.00010000"", ""maxPrice"": ""1000.00000000"", ""tickSize"": ""0.00010000""}, {""filterType"": ""LOT_SIZE"", ""minQty"": ""0.00010000"", ""maxQty"": ""92141578.00000000"", ""stepSize"": ""0.00010000""}, {""filterType"": ""ICEBERG_PARTS"", ""limit"": 10}, {""filterType"": ""MARKET_LOT_SIZE"", ""minQty"": ""0.00000000"", ""maxQty"": ""7153.99368375"", ""stepSize"": ""0.00000000""}, {""filterType"": ""TRAILING_DELTA"", ""minTrailingAboveDelta"": 10, ""maxTrailingAboveDelta"": 2000, ""minTrailingBelowDelta"": 10, ""maxTrailingBelowDelta"": 2000}, {""filterType"": ""PERCENT_PRICE_BY_SIDE"", ""bidMultiplierUp"": ""5"", ""bidMultiplierDown"": ""0.2"", ""askMultiplierUp"": ""5"", ""askMultiplierDown"": ""0.2"", ""avgPriceMins"": 5}, {""filterType"": ""NOTIONAL"", ""minNotional"": ""0.00100000"", ""applyMinToMarket"": true, ""maxNotional"": ""9000000.00000000"", ""applyMaxToMarket"": false, ""avgPriceMins"": 5}, {""filterType"": ""MAX_NUM_ORDERS"", ""maxNumOrders"": 200}, {""filterType"": ""MAX_NUM_ORDER_LISTS"", ""maxNumOrderLists"": 20}, {""filterType"": ""MAX_NUM_ALGO_ORDERS"", ""maxNumAlgoOrders"": 5}, {""filterType"": ""MAX_NUM_ORDER_AMENDS"", ""maxNumOrderAmends"": 10}]"
ARBETH,ARB,ETH,TRADING,True,False,False,"[{""filterType"": ""PRICE_FILTER"", ""minPrice"": ""0.00000010"", ""maxPrice"": ""1000.00000000"", ""tickSize"": ""0.00000010""}, {""filterType"": ""LOT_SIZE"", ""minQty"": ""0.10000000"", ""maxQty"": ""92141578.00000000"", ""stepSize"": ""0.10000000""}, {""filterType"": ""ICEBERG_PARTS"", ""limit"": 10}, {""filterType"": ""MARKET_LOT_SIZE"", ""minQty"": ""0.00000000"", ""maxQty"": ""27836.62291666"", ""stepSize"": ""0.00000000""}, {""filterType"": ""TRAILING_DELTA"", ""minTrailingAboveDelta"": 10, ""maxTrailingAboveDelta"": 2000, ""minTrailingBelowDelta"": 10, ""maxTrailingBelowDelta"": 2000}, {""filterType"": ""PERCENT_PRICE_BY_SIDE"", ""bidMultiplierUp"": ""5"", ""bidMultiplierDown"": ""0.2"", ""askMultiplierUp"": ""5"", ""askMultiplierDown"": ""0.2"", ""avgPriceMins"": 5}, {""filterType"": ""NOTIONAL"", ""minNotional"": ""0.00100000"", ""applyMinToMarket"": true, ""maxNotional"": ""9000000.00000000"", ""applyMaxToMarket"": false, ""avgPriceMins"": 5}, {""filterType"": ""MAX_NUM_ORDERS"", ""maxNumOrders"": 200}, {""filterType"": ""MAX_NUM_ORDER_LISTS"", ""maxNumOrderLists"": 20}, {""filterType"": ""MAX_NUM_ALGO_ORDERS"", ""maxNumAlgoOrders"": 5}, {""filterType"": ""MAX_NUM_ORDER_AMENDS"", ""maxNumOrderAmends"": 10}]"
CYBERETH,CYBER,ETH,TRADING,True,False,False,"[{""filterType"": ""PRICE_FILTER"", ""minPrice"": ""0.00000100"", ""maxPrice"": ""1000.00000000"", ""tickSize"": ""0.00000100""}, {""filterType"": ""LOT_SIZE"", ""minQty"": ""0.01000000"", ""maxQty"": ""92141578.00000000"", ""stepSize"": ""0.01000000""}, {""filterType"": ""ICEBERG_PARTS"", ""limit"": 10}, {""filterType"": ""MARKET_LOT_SIZE"", ""minQty"": ""0.00000000"", ""maxQty"": ""15867.90454166"", ""stepSize"": ""0.00000000""}, {""filterType"": ""TRAILING_DELTA"", ""minTrailingAboveDelta"": 10, ""maxTrailingAboveDelta"": 2000, ""minTrailingBelowDelta"": 10, ""maxTrailingBelowDelta"": 2000}, {""filterType"": ""PERCENT_PRICE_BY_SIDE"", ""bidMultiplierUp"": ""5"", ""bidMultiplierDown"": ""0.2"", ""askMultiplierUp"": ""5"", ""askMultiplierDown"": ""0.2"", ""avgPriceMins"": 5}, {""filterType"": ""NOTIONAL"", ""minNotional"": ""0.00100000"", ""applyMinToMarket"": true, ""maxNotional"": ""9000000.00000000"", ""applyMaxToMarket"": false, ""avgPriceMins"": 5}, {""filterType"": ""MAX_NUM_ORDERS"", ""maxNumOrders"": 200}, {""filterType"": ""MAX_NUM_ORDER_LISTS"", ""maxNumOrderLists"": 20}, {""filterType"": ""MAX_NUM_ALGO_ORDERS"", ""maxNumAlgoOrders"": 5}, {""filterType"": ""MAX_NUM_ORDER_AMENDS"", ""maxNumOrderAmends"": 10}]"
INJETH,INJ,ETH,TRADING,True,False,False,"[{""filterType"": ""PRICE_FILTER"", ""minPrice"": ""0.00000100"", ""maxPrice"": ""1000.00000000"", ""tickSize"": ""0.00000100""}, {""filterType"": ""LOT_SIZE"", ""minQty"": ""0.01000000"", ""maxQty"": ""92141578.00000000"", ""stepSize"": ""0.01000000""}, {""filterType"": ""ICEBERG_PARTS"", ""limit"": 10}, {""filterType"": ""MARKET_LOT_SIZE"", ""minQty"": ""0.00000000"", ""maxQty"": ""812.85100000"", ""stepSize"": ""0.00000000""}, {""filterType"": ""TRAILING_DELTA"", ""minTrailingAboveDelta"": 10, ""maxTrailingAboveDelta"": 2000, ""minTrailingBelowDelta"": 10, ""maxTrailingBelowDelta"": 2000}, {""filterType"": ""PERCENT_PRICE_BY_SIDE"", ""bidMultiplierUp"": ""5"", ""bidMultiplierDown"": ""0.2"", ""askMultiplierUp"": ""5"", ""askMultiplierDown"": ""0.2"", ""avgPriceMins"": 5}, {""filterType"": ""NOTIONAL"", ""minNotional"": ""0.00100000"", ""applyMinToMarket"": true, ""maxNotional"": ""9000000.00000000"", ""applyMaxToMarket"": false, ""avgPriceMins"": 5}, {""filterType"": ""MAX_NUM_ORDERS"", ""maxNumOrders"": 200}, {""filterType"": ""MAX_NUM_ORDER_LISTS"", ""maxNumOrderLists"": 20}, {""filterType"": ""MAX_NUM_ALGO_ORDERS"", ""maxNumAlgoOrders"": 5}, {""filterType"": ""MAX_NUM_ORDER_AMENDS"", ""maxNumOrderAmends"": 10}]"
POLETH,POL,ETH,TRADING,True,False,False,"[{""filterType"": ""PRICE_FILTER"", ""minPrice"": ""0.00000010"", ""maxPrice"": ""1000.00000000"", ""tickSize"": ""0.00000010""}, {""filterType"": ""LOT_SIZE"", ""minQty"": ""0.10000000"", ""maxQty"": ""92141578.00000000"", ""stepSize"": ""0.10000000""}, {""filterType"": ""ICEBERG_PARTS"", ""limit"": 10}, {""filterType"": ""MARKET_LOT_SIZE"", ""minQty"": ""0.00000000"", ""maxQty"": ""10936.05166666"", ""stepSize"": ""0.00000000""}, {""filterType"": ""TRAILING_DELTA"", ""minTrailingAboveDelta"": 10, ""maxTrailingAboveDelta"": 2000, ""minTrailingBelowDelta"": 10, ""maxTrailingBelowDelta"": 2000}, {""filterType"": ""PERCENT_PRICE_BY_SIDE"", ""bidMultiplierUp"": ""5"", ""bidMultiplierDown"": ""0.2"", ""askMultiplierUp"": ""5"", ""askMultiplierDown"": ""0.2"", ""avgPriceMins"": 5}, {""filterType"": ""NOTIONAL"", ""minNotional"": ""0.00100000"", ""applyMinToMarket"": true, ""maxNotional"": ""9000000.00000000"", ""applyMaxToMarket"": false, ""avgPriceMins"": 5}, {""filterType"": ""MAX_NUM_ORDERS"", ""maxNumOrders"": 200}, {""filterType"": ""MAX_NUM_ORDER_LISTS"", ""maxNumOrderLists"": 20}, {""filterType"": ""MAX_NUM_ALGO_ORDERS"", ""maxNumAlgoOrders"": 5}, {""filterType"": ""MAX_NUM_ORDER_AMENDS"", ""maxNumOrderAmends"": 10}]"
SETH,S,ETH,TRADING,True,False,False,"[{""filterType"": ""PRICE_FILTER"", ""minPrice"": ""0.00000010"", ""maxPrice"": ""1.00000000"", ""tickSize"": ""0.00000010""}, {""filterType"": ""LOT_SIZE"", ""minQty"": ""0.10000000"", ""maxQty"": ""46116860414.00000000"", ""stepSize"": ""0.10000000""}, {""filterType"": ""ICEBERG_PARTS"", ""limit"": 10}, {""filterType"": ""MARKET_LOT_SIZE"", ""minQty"": ""0.00000000"", ""maxQty"": ""11823.39375000"", ""stepSize"": ""0.00000000""}, {""filterType"": ""TRAILING_DELTA"", ""minTrailingAboveDelta"": 10, ""maxTrailingAboveDelta"": 2000, ""minTrailingBelowDelta"": 10, ""maxTrailingBelowDelta"": 2000}, {""filterType"": ""PERCENT_PRICE_BY_SIDE"", ""bidMultiplierUp"": ""5"", ""bidMultiplierDown"": ""0.2"", ""askMultiplierUp"": ""5"", ""askMultiplierDown"": ""0.2"", ""avgPriceMins"": 5}, {""filterType"": ""NOTIONAL"", ""minNotional"": ""0.00100000"", ""applyMinToMarket"": true, ""maxNotional"": ""9000000.00000000"", ""applyMaxToMarket"": false, ""avgPriceMins"": 5}, {""filterType"": ""MAX_NUM_ORDERS"", ""maxNumOrders"": 200}, {""filterType"": ""MAX_NUM_ORDER_LISTS"", ""maxNumOrderLists"": 20}, {""filterType"": ""MAX_NUM_ALGO_ORDERS"", ""maxNumAlgoOrders"": 5}, {""filterType"": ""MAX_NUM_ORDER_AMENDS"", ""maxNumOrderAmends"": 10}]"
AETH,A,ETH,TRADING,True,False,False,"[{""filterType"": ""PRICE_FILTER"", ""minPrice"": ""0.00000010"", ""maxPrice"": ""1000.00000000"", ""tickSize"": ""0.00000010""}, {""filterType"": ""LOT_SIZE"", ""minQty"": ""0.10000000"", ""maxQty"": ""92141578.00000000"", ""stepSize"": ""0.10000000""}, {""filterType"": ""ICEBERG_PARTS"", ""limit"": 10}, {""filterType"": ""MARKET_LOT_SIZE"", ""minQty"": ""0.00000000"", ""maxQty"": ""5791.28083333"", ""stepSize"": ""0.00000000""}, {""filterType"": ""TRAILING_DELTA"", ""minTrailingAboveDelta"": 10, ""maxTrailingAboveDelta"": 2000, ""minTrailingBelowDelta"": 10, ""maxTrailingBelowDelta"": 2000}, {""filterType"": ""PERCENT_PRICE_BY_SIDE"", ""bidMultiplierUp"": ""5"", ""bidMultiplierDown"": ""0.2"", ""askMultiplierUp"": ""5"", ""askMultiplierDown"": ""0.2"", ""avgPriceMins"": 5}, {""filterType"": ""NOTIONAL"", ""minNotional"": ""0.00100000"", ""applyMinToMarket"": true, ""maxNotional"": ""9000000.00000000"", ""applyMaxToMarket"": false, ""avgPriceMins"": 5}, {""filterType"": ""MAX_NUM_ORDERS"", ""maxNumOrders"": 200}, {""filterType"": ""MAX_NUM_ORDER_LISTS"", ""maxNumOrderLists"": 20}, {""filterType"": ""MAX_NUM_ALGO_ORDERS"", ""maxNumAlgoOrders"": 5}, {""filterType"": ""MAX_NUM_ORDER_AMENDS"", ""maxNumOrderAmends"": 10}]"
